x-axis,2
second,Volt
-102.6000E-03,
-102.5000E-03,+1.9219535E+00
-102.4000E-03,+1.8566269E+00
-102.3000E-03,+1.8214510E+00
-102.2000E-03,+1.7510992E+00
-102.1000E-03,+1.7611495E+00
-102.0000E-03,+1.7360239E+00
-101.9000E-03,+1.7108982E+00
-101.8000E-03,+1.7058731E+00
-101.7000E-03,+1.7209485E+00
-101.6000E-03,+1.7460741E+00
-101.5000E-03,+1.8013505E+00
-101.4000E-03,+1.8214510E+00
-101.3000E-03,+1.8214510E+00
-101.2000E-03,+1.8566269E+00
-101.1000E-03,+1.8717023E+00
-101.0000E-03,+1.8767274E+00
-100.9000E-03,+1.9018530E+00
-100.8000E-03,+1.8817525E+00
-100.7000E-03,+1.8918028E+00
-100.6000E-03,+1.9068781E+00
-100.5000E-03,+1.9621545E+00
-100.4000E-03,+2.1882852E+00
-100.3000E-03,+2.4144158E+00
-100.2000E-03,+2.6053706E+00
-100.1000E-03,+2.7661746E+00
-100.0000E-03,+2.8616520E+00
-99.9000E-03,+2.9370289E+00
-99.8000E-03,+2.9923053E+00
-99.7000E-03,+3.0274811E+00
-99.6000E-03,+3.0475816E+00
-99.5000E-03,+3.0576319E+00
-99.4000E-03,+2.8315012E+00
-99.3000E-03,+2.5249686E+00
-99.2000E-03,+2.2485867E+00
-99.1000E-03,+2.0526068E+00
-99.0000E-03,+1.8867776E+00
-98.9000E-03,+1.8013505E+00
-98.8000E-03,+1.6807475E+00
-98.7000E-03,+1.6204460E+00
-98.6000E-03,+1.5450691E+00
-98.5000E-03,+1.4998430E+00
-98.4000E-03,+1.4797425E+00
-98.3000E-03,+1.4596420E+00
-98.2000E-03,+1.4395415E+00
-98.1000E-03,+1.4395415E+00
-98.0000E-03,+1.4043656E+00
-97.9000E-03,+1.3993405E+00
-97.8000E-03,+1.3993405E+00
-97.7000E-03,+1.3993405E+00
-97.6000E-03,+1.3993405E+00
-97.5000E-03,+1.3792400E+00
-97.4000E-03,+1.3792400E+00
-97.3000E-03,+1.3792400E+00
-97.2000E-03,+1.3842651E+00
-97.1000E-03,+1.3892902E+00
-97.0000E-03,+1.4395415E+00
-96.9000E-03,+1.5400440E+00
-96.8000E-03,+1.6204460E+00
-96.7000E-03,+1.6907977E+00
-96.6000E-03,+1.7058731E+00
-96.5000E-03,+1.7611495E+00
-96.4000E-03,+1.7862751E+00
-96.3000E-03,+1.8214510E+00
-96.2000E-03,+1.8013505E+00
-96.1000E-03,+1.8214510E+00
-96.0000E-03,+1.8415515E+00
-95.9000E-03,+1.8415515E+00
-95.8000E-03,+2.0224560E+00
-95.7000E-03,+2.2234611E+00
-95.6000E-03,+2.4345163E+00
-95.5000E-03,+2.5651696E+00
-95.4000E-03,+2.6807475E+00
-95.3000E-03,+2.7661746E+00
-95.2000E-03,+2.8214510E+00
-95.1000E-03,+2.8666771E+00
-95.0000E-03,+2.9068781E+00
-94.9000E-03,+2.9269786E+00
-94.8000E-03,+2.8616520E+00
-94.7000E-03,+2.6355213E+00
-94.6000E-03,+2.4093907E+00
-94.5000E-03,+2.2234611E+00
-94.4000E-03,+2.0727073E+00
-94.3000E-03,+1.9521043E+00
-94.2000E-03,+1.8817525E+00
-94.1000E-03,+1.8214510E+00
-94.0000E-03,+1.7611495E+00
-93.9000E-03,+1.7309987E+00
-93.8000E-03,+1.7159234E+00
-93.7000E-03,+1.7008480E+00
-93.6000E-03,+1.6807475E+00
-93.5000E-03,+1.6807475E+00
-93.4000E-03,+1.6807475E+00
-93.3000E-03,+1.7008480E+00
-93.2000E-03,+1.7360239E+00
-93.1000E-03,+1.7510992E+00
-93.0000E-03,+1.7812500E+00
-92.9000E-03,+1.8013505E+00
-92.8000E-03,+1.8164259E+00
-92.7000E-03,+1.8013505E+00
-92.6000E-03,+1.8214510E+00
-92.5000E-03,+1.8214510E+00
-92.4000E-03,+1.8465766E+00
-92.3000E-03,+1.8516018E+00
-92.2000E-03,+1.8566269E+00
-92.1000E-03,+2.0626570E+00
-92.0000E-03,+2.2837626E+00
-91.9000E-03,+2.4948178E+00
-91.8000E-03,+2.6606470E+00
-91.7000E-03,+2.7661746E+00
-91.6000E-03,+2.8465766E+00
-91.5000E-03,+2.8867776E+00
-91.4000E-03,+2.9420540E+00
-91.3000E-03,+2.9671796E+00
-91.2000E-03,+2.9872801E+00
-91.1000E-03,+2.8666771E+00
-91.0000E-03,+2.5902952E+00
-90.9000E-03,+2.3239636E+00
-90.8000E-03,+2.0727073E+00
-90.7000E-03,+1.9119033E+00
-90.6000E-03,+1.8063756E+00
-90.5000E-03,+1.6807475E+00
-90.4000E-03,+1.6204460E+00
-90.3000E-03,+1.6003455E+00
-90.2000E-03,+1.5551193E+00
-90.1000E-03,+1.4998430E+00
-90.0000E-03,+1.4998430E+00
-89.9000E-03,+1.4797425E+00
-89.8000E-03,+1.4797425E+00
-89.7000E-03,+1.4395415E+00
-89.6000E-03,+1.4596420E+00
-89.5000E-03,+1.4495917E+00
-89.4000E-03,+1.4596420E+00
-89.3000E-03,+1.4797425E+00
-89.2000E-03,+1.4596420E+00
-89.1000E-03,+1.4495917E+00
-89.0000E-03,+1.4596420E+00
-88.9000E-03,+1.4596420E+00
-88.8000E-03,+1.4596420E+00
-88.7000E-03,+1.4998430E+00
-88.6000E-03,+1.5802450E+00
-88.5000E-03,+1.6606470E+00
-88.4000E-03,+1.7209485E+00
-88.3000E-03,+1.7410490E+00
-88.2000E-03,+1.7812500E+00
-88.1000E-03,+1.8214510E+00
-88.0000E-03,+1.8264761E+00
-87.9000E-03,+1.8415515E+00
-87.8000E-03,+1.8566269E+00
-87.7000E-03,+1.8616520E+00
-87.6000E-03,+1.8616520E+00
-87.5000E-03,+1.9722048E+00
-87.4000E-03,+2.2385364E+00
-87.3000E-03,+2.4646671E+00
-87.2000E-03,+2.6656721E+00
-87.1000E-03,+2.8063756E+00
-87.0000E-03,+2.9068781E+00
-86.9000E-03,+2.9671796E+00
-86.8000E-03,+3.0475816E+00
-86.7000E-03,+3.0877826E+00
-86.6000E-03,+3.0928078E+00
-86.5000E-03,+3.0676821E+00
-86.4000E-03,+2.8616520E+00
-86.3000E-03,+2.5852701E+00
-86.2000E-03,+2.3541143E+00
-86.1000E-03,+2.2033605E+00
-86.0000E-03,+2.0676822E+00
-85.9000E-03,+1.9621545E+00
-85.8000E-03,+1.8817525E+00
-85.7000E-03,+1.8415515E+00
-85.6000E-03,+1.7862751E+00
-85.5000E-03,+1.7611495E+00
-85.4000E-03,+1.7410490E+00
-85.3000E-03,+1.7209485E+00
-85.2000E-03,+1.7209485E+00
-85.1000E-03,+1.7108982E+00
-85.0000E-03,+1.7360239E+00
-84.9000E-03,+1.7611495E+00
-84.8000E-03,+1.7812500E+00
-84.7000E-03,+1.8013505E+00
-84.6000E-03,+1.8264761E+00
-84.5000E-03,+1.8415515E+00
-84.4000E-03,+1.8465766E+00
-84.3000E-03,+1.8516018E+00
-84.2000E-03,+1.8767274E+00
-84.1000E-03,+1.8616520E+00
-84.0000E-03,+1.8616520E+00
-83.9000E-03,+1.8817525E+00
-83.8000E-03,+2.0224560E+00
-83.7000E-03,+2.2636621E+00
-83.6000E-03,+2.4646671E+00
-83.5000E-03,+2.6254711E+00
-83.4000E-03,+2.7309987E+00
-83.3000E-03,+2.8264761E+00
-83.2000E-03,+2.8918028E+00
-83.1000E-03,+2.9470791E+00
-83.0000E-03,+2.9872801E+00
-82.9000E-03,+3.0073806E+00
-82.8000E-03,+2.9571294E+00
-82.7000E-03,+2.6958229E+00
-82.6000E-03,+2.3993404E+00
-82.5000E-03,+2.1631595E+00
-82.4000E-03,+1.9621545E+00
-82.3000E-03,+1.8114008E+00
-82.2000E-03,+1.7058731E+00
-82.1000E-03,+1.6204460E+00
-82.0000E-03,+1.5400440E+00
-81.9000E-03,+1.5299937E+00
-81.8000E-03,+1.4797425E+00
-81.7000E-03,+1.4395415E+00
-81.6000E-03,+1.4395415E+00
-81.5000E-03,+1.4093907E+00
-81.4000E-03,+1.4144158E+00
-81.3000E-03,+1.4194410E+00
-81.2000E-03,+1.3943153E+00
-81.1000E-03,+1.3892902E+00
-81.0000E-03,+1.3993405E+00
-80.9000E-03,+1.3792400E+00
-80.8000E-03,+1.3792400E+00
-80.7000E-03,+1.3792400E+00
-80.6000E-03,+1.3792400E+00
-80.5000E-03,+1.3792400E+00
-80.4000E-03,+1.4194410E+00
-80.3000E-03,+1.4897927E+00
-80.2000E-03,+1.5802450E+00
-80.1000E-03,+1.6405465E+00
-80.0000E-03,+1.7008480E+00
-79.9000E-03,+1.7611495E+00
-79.8000E-03,+1.7812500E+00
-79.7000E-03,+1.8013505E+00
-79.6000E-03,+1.8365264E+00
-79.5000E-03,+1.8415515E+00
-79.4000E-03,+1.8616520E+00
-79.3000E-03,+1.8415515E+00
-79.2000E-03,+1.9068781E+00
-79.1000E-03,+2.1028580E+00
-79.0000E-03,+2.3189384E+00
-78.9000E-03,+2.5048681E+00
-78.8000E-03,+2.6405465E+00
-78.7000E-03,+2.7259736E+00
-78.6000E-03,+2.8214510E+00
-78.5000E-03,+2.8666771E+00
-78.4000E-03,+2.9219535E+00
-78.3000E-03,+2.9470791E+00
-78.2000E-03,+2.9671796E+00
-78.1000E-03,+2.8063756E+00
-78.0000E-03,+2.5852701E+00
-77.9000E-03,+2.3842651E+00
-77.8000E-03,+2.2033605E+00
-77.7000E-03,+2.0626570E+00
-77.6000E-03,+1.9571294E+00
-77.5000E-03,+1.9018530E+00
-77.4000E-03,+1.8214510E+00
-77.3000E-03,+1.8013505E+00
-77.2000E-03,+1.7561244E+00
-77.1000E-03,+1.7209485E+00
-77.0000E-03,+1.7209485E+00
-76.9000E-03,+1.6807475E+00
-76.8000E-03,+1.6656721E+00
-76.7000E-03,+1.6907977E+00
-76.6000E-03,+1.7360239E+00
-76.5000E-03,+1.7611495E+00
-76.4000E-03,+1.7661746E+00
-76.3000E-03,+1.8114008E+00
-76.2000E-03,+1.8214510E+00
-76.1000E-03,+1.8214510E+00
-76.0000E-03,+1.8214510E+00
-75.9000E-03,+1.8315013E+00
-75.8000E-03,+1.8264761E+00
-75.7000E-03,+1.8415515E+00
-75.6000E-03,+1.8264761E+00
-75.5000E-03,+1.9219535E+00
-75.4000E-03,+2.1330088E+00
-75.3000E-03,+2.3440641E+00
-75.2000E-03,+2.5299937E+00
-75.1000E-03,+2.6757224E+00
-75.0000E-03,+2.7812500E+00
-74.9000E-03,+2.8465766E+00
-74.8000E-03,+2.8717022E+00
-74.7000E-03,+2.9269786E+00
-74.6000E-03,+2.9671796E+00
-74.5000E-03,+2.9671796E+00
-74.4000E-03,+2.7360239E+00
-74.3000E-03,+2.4646671E+00
-74.2000E-03,+2.2184359E+00
-74.1000E-03,+1.9822550E+00
-74.0000E-03,+1.8415515E+00
-73.9000E-03,+1.7309987E+00
-73.8000E-03,+1.6405465E+00
-73.7000E-03,+1.6003455E+00
-73.6000E-03,+1.5350188E+00
-73.5000E-03,+1.4998430E+00
-73.4000E-03,+1.4747173E+00
-73.3000E-03,+1.4797425E+00
-73.2000E-03,+1.4596420E+00
-73.1000E-03,+1.4395415E+00
-73.0000E-03,+1.4395415E+00
-72.9000E-03,+1.4596420E+00
-72.8000E-03,+1.4345163E+00
-72.7000E-03,+1.4194410E+00
-72.6000E-03,+1.4194410E+00
-72.5000E-03,+1.4194410E+00
-72.4000E-03,+1.4345163E+00
-72.3000E-03,+1.4395415E+00
-72.2000E-03,+1.4395415E+00
-72.1000E-03,+1.4596420E+00
-72.0000E-03,+1.4797425E+00
-71.9000E-03,+1.5802450E+00
-71.8000E-03,+1.6706972E+00
-71.7000E-03,+1.7008480E+00
-71.6000E-03,+1.7611495E+00
-71.5000E-03,+1.7913003E+00
-71.4000E-03,+1.7913003E+00
-71.3000E-03,+1.8214510E+00
-71.2000E-03,+1.8415515E+00
-71.1000E-03,+1.8516018E+00
-71.0000E-03,+1.8666771E+00
-70.9000E-03,+1.8817525E+00
-70.8000E-03,+2.0425565E+00
-70.7000E-03,+2.3139133E+00
-70.6000E-03,+2.5400440E+00
-70.5000E-03,+2.7460741E+00
-70.4000E-03,+2.8516017E+00
-70.3000E-03,+2.9571294E+00
-70.2000E-03,+3.0425565E+00
-70.1000E-03,+3.0475816E+00
-70.0000E-03,+3.1129083E+00
-69.9000E-03,+3.1179334E+00
-69.8000E-03,+3.0475816E+00
-69.7000E-03,+2.7862751E+00
-69.6000E-03,+2.5048681E+00
-69.5000E-03,+2.3340138E+00
-69.4000E-03,+2.1631595E+00
-69.3000E-03,+2.0425565E+00
-69.2000E-03,+1.9621545E+00
-69.1000E-03,+1.8918028E+00
-69.0000E-03,+1.8566269E+00
-68.9000E-03,+1.8214510E+00
-68.8000E-03,+1.7862751E+00
-68.7000E-03,+1.7510992E+00
-68.6000E-03,+1.7711997E+00
-68.5000E-03,+1.7209485E+00
-68.4000E-03,+1.7360239E+00
-68.3000E-03,+1.7611495E+00
-68.2000E-03,+1.7913003E+00
-68.1000E-03,+1.8214510E+00
-68.0000E-03,+1.8616520E+00
-67.9000E-03,+1.8817525E+00
-67.8000E-03,+1.8867776E+00
-67.7000E-03,+1.8817525E+00
-67.6000E-03,+1.9119033E+00
-67.5000E-03,+1.9119033E+00
-67.4000E-03,+1.9018530E+00
-67.3000E-03,+1.9219535E+00
-67.2000E-03,+1.9320038E+00
-67.1000E-03,+2.1129083E+00
-67.0000E-03,+2.3390389E+00
-66.9000E-03,+2.5450691E+00
-66.8000E-03,+2.7058731E+00
-66.7000E-03,+2.7963254E+00
-66.6000E-03,+2.8867776E+00
-66.5000E-03,+2.9671796E+00
-66.4000E-03,+3.0023555E+00
-66.3000E-03,+3.0174309E+00
-66.2000E-03,+3.0325063E+00
-66.1000E-03,+2.8867776E+00
-66.0000E-03,+2.6154208E+00
-65.9000E-03,+2.3340138E+00
-65.8000E-03,+2.1028580E+00
-65.7000E-03,+1.9018530E+00
-65.6000E-03,+1.8013505E+00
-65.5000E-03,+1.6706972E+00
-65.4000E-03,+1.6053706E+00
-65.3000E-03,+1.5400440E+00
-65.2000E-03,+1.4797425E+00
-65.1000E-03,+1.4696922E+00
-65.0000E-03,+1.4294912E+00
-64.9000E-03,+1.4395415E+00
-64.8000E-03,+1.4093907E+00
-64.7000E-03,+1.3892902E+00
-64.6000E-03,+1.3943153E+00
-64.5000E-03,+1.3792400E+00
-64.4000E-03,+1.3641646E+00
-64.3000E-03,+1.3591395E+00
-64.2000E-03,+1.3641646E+00
-64.1000E-03,+1.3390389E+00
-64.0000E-03,+1.3440641E+00
-63.9000E-03,+1.3591395E+00
-63.8000E-03,+1.3792400E+00
-63.7000E-03,+1.4194410E+00
-63.6000E-03,+1.4847676E+00
-63.5000E-03,+1.5701947E+00
-63.4000E-03,+1.6405465E+00
-63.3000E-03,+1.6807475E+00
-63.2000E-03,+1.7410490E+00
-63.1000E-03,+1.7510992E+00
-63.0000E-03,+1.7963254E+00
-62.9000E-03,+1.7611495E+00
-62.8000E-03,+1.8214510E+00
-62.7000E-03,+1.8114008E+00
-62.6000E-03,+1.8264761E+00
-62.5000E-03,+1.9219535E+00
-62.4000E-03,+2.1430590E+00
-62.3000E-03,+2.3641646E+00
-62.2000E-03,+2.5098932E+00
-62.1000E-03,+2.6455716E+00
-62.0000E-03,+2.7259736E+00
-61.9000E-03,+2.8063756E+00
-61.8000E-03,+2.8465766E+00
-61.7000E-03,+2.8867776E+00
-61.6000E-03,+2.9119033E+00
-61.5000E-03,+2.8867776E+00
-61.4000E-03,+2.7108982E+00
-61.3000E-03,+2.4847676E+00
-61.2000E-03,+2.2686872E+00
-61.1000E-03,+2.1229585E+00
-61.0000E-03,+2.0073807E+00
-60.9000E-03,+1.9219535E+00
-60.8000E-03,+1.8516018E+00
-60.7000E-03,+1.8013505E+00
-60.6000E-03,+1.7611495E+00
-60.5000E-03,+1.7611495E+00
-60.4000E-03,+1.7209485E+00
-60.3000E-03,+1.7209485E+00
-60.2000E-03,+1.7058731E+00
-60.1000E-03,+1.6807475E+00
-60.0000E-03,+1.7209485E+00
-59.9000E-03,+1.7510992E+00
-59.8000E-03,+1.7812500E+00
-59.7000E-03,+1.8013505E+00
-59.6000E-03,+1.8365264E+00
-59.5000E-03,+1.8415515E+00
-59.4000E-03,+1.8566269E+00
-59.3000E-03,+1.8616520E+00
-59.2000E-03,+1.8666771E+00
-59.1000E-03,+1.8817525E+00
-59.0000E-03,+1.8817525E+00
-58.9000E-03,+1.8616520E+00
-58.8000E-03,+2.0174309E+00
-58.7000E-03,+2.2234611E+00
-58.6000E-03,+2.4646671E+00
-58.5000E-03,+2.6053706E+00
-58.4000E-03,+2.7460741E+00
-58.3000E-03,+2.8465766E+00
-58.2000E-03,+2.8918028E+00
-58.1000E-03,+2.9470791E+00
-58.0000E-03,+2.9872801E+00
-57.9000E-03,+2.9872801E+00
-57.8000E-03,+2.9320038E+00
-57.7000E-03,+2.6857726E+00
-57.6000E-03,+2.3993404E+00
-57.5000E-03,+2.1531093E+00
-57.4000E-03,+1.9772299E+00
-57.3000E-03,+1.8013505E+00
-57.2000E-03,+1.7410490E+00
-57.1000E-03,+1.6606470E+00
-57.0000E-03,+1.5802450E+00
-56.9000E-03,+1.5601445E+00
-56.8000E-03,+1.5400440E+00
-56.7000E-03,+1.4897927E+00
-56.6000E-03,+1.4797425E+00
-56.5000E-03,+1.4596420E+00
-56.4000E-03,+1.4596420E+00
-56.3000E-03,+1.4495917E+00
-56.2000E-03,+1.4345163E+00
-56.1000E-03,+1.4596420E+00
-56.0000E-03,+1.4395415E+00
-55.9000E-03,+1.4495917E+00
-55.8000E-03,+1.4495917E+00
-55.7000E-03,+1.4395415E+00
-55.6000E-03,+1.4395415E+00
-55.5000E-03,+1.4294912E+00
-55.4000E-03,+1.4445666E+00
-55.3000E-03,+1.5199435E+00
-55.2000E-03,+1.6204460E+00
-55.1000E-03,+1.6706972E+00
-55.0000E-03,+1.7259736E+00
-54.9000E-03,+1.7812500E+00
-54.8000E-03,+1.7963254E+00
-54.7000E-03,+1.8114008E+00
-54.6000E-03,+1.8164259E+00
-54.5000E-03,+1.8415515E+00
-54.4000E-03,+1.8315013E+00
-54.3000E-03,+1.8516018E+00
-54.2000E-03,+1.8817525E+00
-54.1000E-03,+2.1229585E+00
-54.0000E-03,+2.3842651E+00
-53.9000E-03,+2.5953203E+00
-53.8000E-03,+2.7661746E+00
-53.7000E-03,+2.8867776E+00
-53.6000E-03,+2.9470791E+00
-53.5000E-03,+3.0073806E+00
-53.4000E-03,+3.0526068E+00
-53.3000E-03,+3.0877826E+00
-53.2000E-03,+3.1028580E+00
-53.1000E-03,+2.9470791E+00
-53.0000E-03,+2.6656721E+00
-52.9000E-03,+2.4244661E+00
-52.8000E-03,+2.2485867E+00
-52.7000E-03,+2.1028580E+00
-52.6000E-03,+1.9872801E+00
-52.5000E-03,+1.9018530E+00
-52.4000E-03,+1.8566269E+00
-52.3000E-03,+1.8114008E+00
-52.2000E-03,+1.7762249E+00
-52.1000E-03,+1.7812500E+00
-52.0000E-03,+1.7410490E+00
-51.9000E-03,+1.7108982E+00
-51.8000E-03,+1.7058731E+00
-51.7000E-03,+1.7209485E+00
-51.6000E-03,+1.7561244E+00
-51.5000E-03,+1.7812500E+00
-51.4000E-03,+1.8214510E+00
-51.3000E-03,+1.8616520E+00
-51.2000E-03,+1.8817525E+00
-51.1000E-03,+1.8616520E+00
-51.0000E-03,+1.8767274E+00
-50.9000E-03,+1.8817525E+00
-50.8000E-03,+1.8666771E+00
-50.7000E-03,+1.8918028E+00
-50.6000E-03,+1.9018530E+00
-50.5000E-03,+1.9822550E+00
-50.4000E-03,+2.1882852E+00
-50.3000E-03,+2.4244661E+00
-50.2000E-03,+2.6254711E+00
-50.1000E-03,+2.7661746E+00
-50.0000E-03,+2.8516017E+00
-49.9000E-03,+2.9470791E+00
-49.8000E-03,+3.0174309E+00
-49.7000E-03,+3.0475816E+00
-49.6000E-03,+3.0676821E+00
-49.5000E-03,+3.0676821E+00
-49.4000E-03,+2.8516017E+00
-49.3000E-03,+2.5651696E+00
-49.2000E-03,+2.2737123E+00
-49.1000E-03,+2.0626570E+00
-49.0000E-03,+1.8867776E+00
-48.9000E-03,+1.7812500E+00
-48.8000E-03,+1.6958229E+00
-48.7000E-03,+1.6003455E+00
-48.6000E-03,+1.5601445E+00
-48.5000E-03,+1.4998430E+00
-48.4000E-03,+1.4998430E+00
-48.3000E-03,+1.4395415E+00
-48.2000E-03,+1.4194410E+00
-48.1000E-03,+1.4194410E+00
-48.0000E-03,+1.4244661E+00
-47.9000E-03,+1.4194410E+00
-47.8000E-03,+1.4043656E+00
-47.7000E-03,+1.3792400E+00
-47.6000E-03,+1.3993405E+00
-47.5000E-03,+1.3792400E+00
-47.4000E-03,+1.4144158E+00
-47.3000E-03,+1.3993405E+00
-47.2000E-03,+1.3842651E+00
-47.1000E-03,+1.3993405E+00
-47.0000E-03,+1.4546168E+00
-46.9000E-03,+1.5400440E+00
-46.8000E-03,+1.6103957E+00
-46.7000E-03,+1.6606470E+00
-46.6000E-03,+1.7159234E+00
-46.5000E-03,+1.7611495E+00
-46.4000E-03,+1.7812500E+00
-46.3000E-03,+1.7913003E+00
-46.2000E-03,+1.8013505E+00
-46.1000E-03,+1.8415515E+00
-46.0000E-03,+1.8365264E+00
-45.9000E-03,+1.8315013E+00
-45.8000E-03,+2.0023555E+00
-45.7000E-03,+2.2234611E+00
-45.6000E-03,+2.4144158E+00
-45.5000E-03,+2.5450691E+00
-45.4000E-03,+2.6656721E+00
-45.3000E-03,+2.7661746E+00
-45.2000E-03,+2.8063756E+00
-45.1000E-03,+2.8666771E+00
-45.0000E-03,+2.9068781E+00
-44.9000E-03,+2.9269786E+00
-44.8000E-03,+2.8516017E+00
-44.7000E-03,+2.6355213E+00
-44.6000E-03,+2.4043656E+00
-44.5000E-03,+2.2234611E+00
-44.4000E-03,+2.0777324E+00
-44.3000E-03,+1.9621545E+00
-44.2000E-03,+1.8666771E+00
-44.1000E-03,+1.8013505E+00
-44.0000E-03,+1.7661746E+00
-43.9000E-03,+1.7309987E+00
-43.8000E-03,+1.7209485E+00
-43.7000E-03,+1.7008480E+00
-43.6000E-03,+1.6807475E+00
-43.5000E-03,+1.6706972E+00
-43.4000E-03,+1.6757224E+00
-43.3000E-03,+1.7008480E+00
-43.2000E-03,+1.7209485E+00
-43.1000E-03,+1.7611495E+00
-43.0000E-03,+1.7963254E+00
-42.9000E-03,+1.7812500E+00
-42.8000E-03,+1.8013505E+00
-42.7000E-03,+1.8214510E+00
-42.6000E-03,+1.7963254E+00
-42.5000E-03,+1.8415515E+00
-42.4000E-03,+1.8315013E+00
-42.3000E-03,+1.8415515E+00
-42.2000E-03,+1.8616520E+00
-42.1000E-03,+2.0224560E+00
-42.0000E-03,+2.2636621E+00
-41.9000E-03,+2.4646671E+00
-41.8000E-03,+2.6103957E+00
-41.7000E-03,+2.7460741E+00
-41.6000E-03,+2.8264761E+00
-41.5000E-03,+2.8666771E+00
-41.4000E-03,+2.9219535E+00
-41.3000E-03,+2.9470791E+00
-41.2000E-03,+2.9470791E+00
-41.1000E-03,+2.8465766E+00
-41.0000E-03,+2.5701947E+00
-40.9000E-03,+2.3038631E+00
-40.8000E-03,+2.0777324E+00
-40.7000E-03,+1.9119033E+00
-40.6000E-03,+1.7711997E+00
-40.5000E-03,+1.7209485E+00
-40.4000E-03,+1.6204460E+00
-40.3000E-03,+1.5902952E+00
-40.2000E-03,+1.5400440E+00
-40.1000E-03,+1.4998430E+00
-40.0000E-03,+1.4998430E+00
-39.9000E-03,+1.4998430E+00
-39.8000E-03,+1.4797425E+00
-39.7000E-03,+1.4998430E+00
-39.6000E-03,+1.4596420E+00
-39.5000E-03,+1.4596420E+00
-39.4000E-03,+1.4596420E+00
-39.3000E-03,+1.4596420E+00
-39.2000E-03,+1.4596420E+00
-39.1000E-03,+1.4596420E+00
-39.0000E-03,+1.4445666E+00
-38.9000E-03,+1.4596420E+00
-38.8000E-03,+1.4445666E+00
-38.7000E-03,+1.4998430E+00
-38.6000E-03,+1.5601445E+00
-38.5000E-03,+1.6405465E+00
-38.4000E-03,+1.7209485E+00
-38.3000E-03,+1.7711997E+00
-38.2000E-03,+1.7963254E+00
-38.1000E-03,+1.8013505E+00
-38.0000E-03,+1.8566269E+00
-37.9000E-03,+1.8616520E+00
-37.8000E-03,+1.8767274E+00
-37.7000E-03,+1.8415515E+00
-37.6000E-03,+1.8817525E+00
-37.5000E-03,+1.9923053E+00
-37.4000E-03,+2.2335113E+00
-37.3000E-03,+2.4847676E+00
-37.2000E-03,+2.7008480E+00
-37.1000E-03,+2.8164259E+00
-37.0000E-03,+2.9320038E+00
-36.9000E-03,+3.0073806E+00
-36.8000E-03,+3.0676821E+00
-36.7000E-03,+3.1078832E+00
-36.6000E-03,+3.1279837E+00
-36.5000E-03,+3.1279837E+00
-36.4000E-03,+2.8817525E+00
-36.3000E-03,+2.5852701E+00
-36.2000E-03,+2.3842651E+00
-36.1000E-03,+2.2234611E+00
-36.0000E-03,+2.0777324E+00
-35.9000E-03,+1.9923053E+00
-35.8000E-03,+1.9018530E+00
-35.7000E-03,+1.8616520E+00
-35.6000E-03,+1.8114008E+00
-35.5000E-03,+1.7611495E+00
-35.4000E-03,+1.7259736E+00
-35.3000E-03,+1.7209485E+00
-35.2000E-03,+1.7209485E+00
-35.1000E-03,+1.7008480E+00
-35.0000E-03,+1.7159234E+00
-34.9000E-03,+1.7611495E+00
-34.8000E-03,+1.7862751E+00
-34.7000E-03,+1.8214510E+00
-34.6000E-03,+1.8566269E+00
-34.5000E-03,+1.8415515E+00
-34.4000E-03,+1.8616520E+00
-34.3000E-03,+1.8717023E+00
-34.2000E-03,+1.8566269E+00
-34.1000E-03,+1.8817525E+00
-34.0000E-03,+1.8817525E+00
-33.9000E-03,+1.9018530E+00
-33.8000E-03,+2.0224560E+00
-33.7000E-03,+2.2435616E+00
-33.6000E-03,+2.4696922E+00
-33.5000E-03,+2.6455716E+00
-33.4000E-03,+2.7812500E+00
-33.3000E-03,+2.8465766E+00
-33.2000E-03,+2.9119033E+00
-33.1000E-03,+2.9470791E+00
-33.0000E-03,+3.0023555E+00
-32.9000E-03,+3.0073806E+00
-32.8000E-03,+2.9822550E+00
-32.7000E-03,+2.7058731E+00
-32.6000E-03,+2.4043656E+00
-32.5000E-03,+2.1832600E+00
-32.4000E-03,+1.9822550E+00
-32.3000E-03,+1.8315013E+00
-32.2000E-03,+1.7360239E+00
-32.1000E-03,+1.6405465E+00
-32.0000E-03,+1.5802450E+00
-31.9000E-03,+1.5299937E+00
-31.8000E-03,+1.4948178E+00
-31.7000E-03,+1.4395415E+00
-31.6000E-03,+1.4244661E+00
-31.5000E-03,+1.4093907E+00
-31.4000E-03,+1.3943153E+00
-31.3000E-03,+1.3993405E+00
-31.2000E-03,+1.3993405E+00
-31.1000E-03,+1.3892902E+00
-31.0000E-03,+1.3993405E+00
-30.9000E-03,+1.3591395E+00
-30.8000E-03,+1.3842651E+00
-30.7000E-03,+1.3792400E+00
-30.6000E-03,+1.3641646E+00
-30.5000E-03,+1.3993405E+00
-30.4000E-03,+1.4043656E+00
-30.3000E-03,+1.4998430E+00
-30.2000E-03,+1.5651696E+00
-30.1000E-03,+1.6606470E+00
-30.0000E-03,+1.7008480E+00
-29.9000E-03,+1.7410490E+00
-29.8000E-03,+1.7661746E+00
-29.7000E-03,+1.7812500E+00
-29.6000E-03,+1.8164259E+00
-29.5000E-03,+1.8315013E+00
-29.4000E-03,+1.8365264E+00
-29.3000E-03,+1.8415515E+00
-29.2000E-03,+1.8817525E+00
-29.1000E-03,+2.0626570E+00
-29.0000E-03,+2.2887877E+00
-28.9000E-03,+2.4847676E+00
-28.8000E-03,+2.6103957E+00
-28.7000E-03,+2.7058731E+00
-28.6000E-03,+2.7913002E+00
-28.5000E-03,+2.8465766E+00
-28.4000E-03,+2.9018530E+00
-28.3000E-03,+2.9269786E+00
-28.2000E-03,+2.9470791E+00
-28.1000E-03,+2.8063756E+00
-28.0000E-03,+2.5852701E+00
-27.9000E-03,+2.3541143E+00
-27.8000E-03,+2.1732098E+00
-27.7000E-03,+2.0626570E+00
-27.6000E-03,+1.9772299E+00
-27.5000E-03,+1.8817525E+00
-27.4000E-03,+1.8063756E+00
-27.3000E-03,+1.8013505E+00
-27.2000E-03,+1.7460741E+00
-27.1000E-03,+1.7510992E+00
-27.0000E-03,+1.7159234E+00
-26.9000E-03,+1.6807475E+00
-26.8000E-03,+1.6958229E+00
-26.7000E-03,+1.7008480E+00
-26.6000E-03,+1.7209485E+00
-26.5000E-03,+1.7611495E+00
-26.4000E-03,+1.7812500E+00
-26.3000E-03,+1.7913003E+00
-26.2000E-03,+1.8063756E+00
-26.1000E-03,+1.8013505E+00
-26.0000E-03,+1.8264761E+00
-25.9000E-03,+1.8315013E+00
-25.8000E-03,+1.8264761E+00
-25.7000E-03,+1.8415515E+00
-25.6000E-03,+1.8264761E+00
-25.5000E-03,+1.9018530E+00
-25.4000E-03,+2.1179334E+00
-25.3000E-03,+2.3440641E+00
-25.2000E-03,+2.5199435E+00
-25.1000E-03,+2.6556218E+00
-25.0000E-03,+2.7661746E+00
-24.9000E-03,+2.8264761E+00
-24.8000E-03,+2.8666771E+00
-24.7000E-03,+2.9169284E+00
-24.6000E-03,+2.9470791E+00
-24.5000E-03,+2.9269786E+00
-24.4000E-03,+2.7259736E+00
-24.3000E-03,+2.4445666E+00
-24.2000E-03,+2.1882852E+00
-24.1000E-03,+2.0023555E+00
-24.0000E-03,+1.8365264E+00
-23.9000E-03,+1.7309987E+00
-23.8000E-03,+1.6455716E+00
-23.7000E-03,+1.5802450E+00
-23.6000E-03,+1.5400440E+00
-23.5000E-03,+1.5199435E+00
-23.4000E-03,+1.4948178E+00
-23.3000E-03,+1.4596420E+00
-23.2000E-03,+1.4244661E+00
-23.1000E-03,+1.4395415E+00
-23.0000E-03,+1.4395415E+00
-22.9000E-03,+1.4395415E+00
-22.8000E-03,+1.4345163E+00
-22.7000E-03,+1.4395415E+00
-22.6000E-03,+1.4144158E+00
-22.5000E-03,+1.4395415E+00
-22.4000E-03,+1.4395415E+00
-22.3000E-03,+1.4294912E+00
-22.2000E-03,+1.4043656E+00
-22.1000E-03,+1.4395415E+00
-22.0000E-03,+1.5199435E+00
-21.9000E-03,+1.5802450E+00
-21.8000E-03,+1.6556219E+00
-21.7000E-03,+1.7008480E+00
-21.6000E-03,+1.7812500E+00
-21.5000E-03,+1.8013505E+00
-21.4000E-03,+1.8214510E+00
-21.3000E-03,+1.8415515E+00
-21.2000E-03,+1.8566269E+00
-21.1000E-03,+1.8717023E+00
-21.0000E-03,+1.8666771E+00
-20.9000E-03,+1.8817525E+00
-20.8000E-03,+2.0676822E+00
-20.7000E-03,+2.3239636E+00
-20.6000E-03,+2.5500942E+00
-20.5000E-03,+2.7460741E+00
-20.4000E-03,+2.8566269E+00
-20.3000E-03,+2.9671796E+00
-20.2000E-03,+3.0576319E+00
-20.1000E-03,+3.0877826E+00
-20.0000E-03,+3.1229585E+00
-19.9000E-03,+3.1279837E+00
-19.8000E-03,+3.0626570E+00
-19.7000E-03,+2.7862751E+00
-19.6000E-03,+2.5199435E+00
-19.5000E-03,+2.3340138E+00
-19.4000E-03,+2.1832600E+00
-19.3000E-03,+2.0626570E+00
-19.2000E-03,+1.9621545E+00
-19.1000E-03,+1.9119033E+00
-19.0000E-03,+1.8465766E+00
-18.9000E-03,+1.7812500E+00
-18.8000E-03,+1.7661746E+00
-18.7000E-03,+1.7611495E+00
-18.6000E-03,+1.7460741E+00
-18.5000E-03,+1.7209485E+00
-18.4000E-03,+1.7259736E+00
-18.3000E-03,+1.7611495E+00
-18.2000E-03,+1.8164259E+00
-18.1000E-03,+1.8415515E+00
-18.0000E-03,+1.8666771E+00
-17.9000E-03,+1.8817525E+00
-17.8000E-03,+1.8817525E+00
-17.7000E-03,+1.8817525E+00
-17.6000E-03,+1.9018530E+00
-17.5000E-03,+1.9119033E+00
-17.4000E-03,+1.9018530E+00
-17.3000E-03,+1.9219535E+00
-17.2000E-03,+1.9320038E+00
-17.1000E-03,+2.1229585E+00
-17.0000E-03,+2.3440641E+00
-16.9000E-03,+2.5651696E+00
-16.8000E-03,+2.7108982E+00
-16.7000E-03,+2.8465766E+00
-16.6000E-03,+2.9068781E+00
-16.5000E-03,+2.9671796E+00
-16.4000E-03,+3.0124058E+00
-16.3000E-03,+3.0475816E+00
-16.2000E-03,+3.0676821E+00
-16.1000E-03,+2.9068781E+00
-16.0000E-03,+2.6103957E+00
-15.9000E-03,+2.3541143E+00
-15.8000E-03,+2.1028580E+00
-15.7000E-03,+1.9219535E+00
-15.6000E-03,+1.7963254E+00
-15.5000E-03,+1.7008480E+00
-15.4000E-03,+1.5852701E+00
-15.3000E-03,+1.5601445E+00
-15.2000E-03,+1.5199435E+00
-15.1000E-03,+1.4596420E+00
-15.0000E-03,+1.4395415E+00
-14.9000E-03,+1.4194410E+00
-14.8000E-03,+1.3842651E+00
-14.7000E-03,+1.3993405E+00
-14.6000E-03,+1.3792400E+00
-14.5000E-03,+1.3792400E+00
-14.4000E-03,+1.3792400E+00
-14.3000E-03,+1.3691897E+00
-14.2000E-03,+1.3591395E+00
-14.1000E-03,+1.3591395E+00
-14.0000E-03,+1.3541143E+00
-13.9000E-03,+1.3591395E+00
-13.8000E-03,+1.3742148E+00
-13.7000E-03,+1.4194410E+00
-13.6000E-03,+1.4847676E+00
-13.5000E-03,+1.5902952E+00
-13.4000E-03,+1.6556219E+00
-13.3000E-03,+1.6807475E+00
-13.2000E-03,+1.7460741E+00
-13.1000E-03,+1.7611495E+00
-13.0000E-03,+1.7862751E+00
-12.9000E-03,+1.7812500E+00
-12.8000E-03,+1.8164259E+00
-12.7000E-03,+1.8214510E+00
-12.6000E-03,+1.8365264E+00
-12.5000E-03,+1.9219535E+00
-12.4000E-03,+2.1279837E+00
-12.3000E-03,+2.3340138E+00
-12.2000E-03,+2.5048681E+00
-12.1000E-03,+2.6455716E+00
-12.0000E-03,+2.7410490E+00
-11.9000E-03,+2.7963254E+00
-11.8000E-03,+2.8465766E+00
-11.7000E-03,+2.8867776E+00
-11.6000E-03,+2.9119033E+00
-11.5000E-03,+2.9068781E+00
-11.4000E-03,+2.7159234E+00
-11.3000E-03,+2.4847676E+00
-11.2000E-03,+2.2636621E+00
-11.1000E-03,+2.1330088E+00
-11.0000E-03,+2.0174309E+00
-10.9000E-03,+1.9018530E+00
-10.8000E-03,+1.8616520E+00
-10.7000E-03,+1.8114008E+00
-10.6000E-03,+1.7762249E+00
-10.5000E-03,+1.7410490E+00
-10.4000E-03,+1.7159234E+00
-10.3000E-03,+1.7209485E+00
-10.2000E-03,+1.7008480E+00
-10.1000E-03,+1.7008480E+00
-10.0000E-03,+1.7108982E+00
-9.9000E-03,+1.7711997E+00
-9.8000E-03,+1.7812500E+00
-9.7000E-03,+1.7812500E+00
-9.6000E-03,+1.8415515E+00
-9.5000E-03,+1.8415515E+00
-9.4000E-03,+1.8465766E+00
-9.3000E-03,+1.8415515E+00
-9.2000E-03,+1.8465766E+00
-9.1000E-03,+1.8516018E+00
-9.0000E-03,+1.8415515E+00
-8.9000E-03,+1.8616520E+00
-8.8000E-03,+1.9822550E+00
-8.7000E-03,+2.2234611E+00
-8.6000E-03,+2.4244661E+00
-8.5000E-03,+2.6053706E+00
-8.4000E-03,+2.7360239E+00
-8.3000E-03,+2.8264761E+00
-8.2000E-03,+2.8817525E+00
-8.1000E-03,+2.9470791E+00
-8.0000E-03,+2.9722048E+00
-7.9000E-03,+2.9772299E+00
-7.8000E-03,+2.9269786E+00
-7.7000E-03,+2.6857726E+00
-7.6000E-03,+2.3842651E+00
-7.5000E-03,+2.1631595E+00
-7.4000E-03,+1.9671796E+00
-7.3000E-03,+1.8214510E+00
-7.2000E-03,+1.7008480E+00
-7.1000E-03,+1.6505967E+00
-7.0000E-03,+1.5852701E+00
-6.9000E-03,+1.5400440E+00
-6.8000E-03,+1.5149183E+00
-6.7000E-03,+1.4998430E+00
-6.6000E-03,+1.4797425E+00
-6.5000E-03,+1.4596420E+00
-6.4000E-03,+1.4596420E+00
-6.3000E-03,+1.4596420E+00
-6.2000E-03,+1.4395415E+00
-6.1000E-03,+1.4194410E+00
-6.0000E-03,+1.4395415E+00
-5.9000E-03,+1.4395415E+00
-5.8000E-03,+1.4395415E+00
-5.7000E-03,+1.4395415E+00
-5.6000E-03,+1.4345163E+00
-5.5000E-03,+1.4093907E+00
-5.4000E-03,+1.4495917E+00
-5.3000E-03,+1.5601445E+00
-5.2000E-03,+1.6053706E+00
-5.1000E-03,+1.6807475E+00
-5.0000E-03,+1.7259736E+00
-4.9000E-03,+1.7410490E+00
-4.8000E-03,+1.7812500E+00
-4.7000E-03,+1.7913003E+00
-4.6000E-03,+1.8365264E+00
-4.5000E-03,+1.8214510E+00
-4.4000E-03,+1.8465766E+00
-4.3000E-03,+1.8415515E+00
-4.2000E-03,+1.9018530E+00
-4.1000E-03,+2.1229585E+00
-4.0000E-03,+2.3792399E+00
-3.9000E-03,+2.5852701E+00
-3.8000E-03,+2.7611495E+00
-3.7000E-03,+2.8666771E+00
-3.6000E-03,+2.9772299E+00
-3.5000E-03,+3.0073806E+00
-3.4000E-03,+3.0827575E+00
-3.3000E-03,+3.1078832E+00
-3.2000E-03,+3.1078832E+00
-3.1000E-03,+2.9571294E+00
-3.0000E-03,+2.6505967E+00
-2.9000E-03,+2.4244661E+00
-2.8000E-03,+2.2586369E+00
-2.7000E-03,+2.1028580E+00
-2.6000E-03,+2.0023555E+00
-2.5000E-03,+1.9018530E+00
-2.4000E-03,+1.8767274E+00
-2.3000E-03,+1.8013505E+00
-2.2000E-03,+1.7812500E+00
-2.1000E-03,+1.7611495E+00
-2.0000E-03,+1.7259736E+00
-1.9000E-03,+1.7209485E+00
-1.8000E-03,+1.7209485E+00
-1.7000E-03,+1.7209485E+00
-1.6000E-03,+1.7611495E+00
-1.5000E-03,+1.8013505E+00
-1.4000E-03,+1.8365264E+00
-1.3000E-03,+1.8415515E+00
-1.2000E-03,+1.8415515E+00
-1.1000E-03,+1.8616520E+00
-1.0000E-03,+1.8767274E+00
-900.0E-06,+1.8817525E+00
-800.0E-06,+1.8867776E+00
-700.0E-06,+1.8918028E+00
-600.0E-06,+1.8867776E+00
-500.0E-06,+1.9420540E+00
-400.0E-06,+2.2033605E+00
-300.0E-06,+2.4144158E+00
-200.0E-06,+2.5852701E+00
-100.0E-06,+2.7460741E+00
+0.0E+00,+2.8616520E+00
+100.0E-06,+2.9269786E+00
+200.0E-06,+2.9872801E+00
+300.0E-06,+3.0274811E+00
+400.0E-06,+3.0425565E+00
+500.0E-06,+3.0475816E+00
+600.0E-06,+2.8365264E+00
+700.0E-06,+2.5450691E+00
+800.0E-06,+2.2636621E+00
+900.0E-06,+2.0425565E+00
+1.0000E-03,+1.8918028E+00
+1.1000E-03,+1.7611495E+00
+1.2000E-03,+1.6857726E+00
+1.3000E-03,+1.6103957E+00
+1.4000E-03,+1.5601445E+00
+1.5000E-03,+1.5400440E+00
+1.6000E-03,+1.4747173E+00
+1.7000E-03,+1.4596420E+00
+1.8000E-03,+1.4495917E+00
+1.9000E-03,+1.4194410E+00
+2.0000E-03,+1.4144158E+00
+2.1000E-03,+1.4093907E+00
+2.2000E-03,+1.3943153E+00
+2.3000E-03,+1.3792400E+00
+2.4000E-03,+1.3943153E+00
+2.5000E-03,+1.3993405E+00
+2.6000E-03,+1.3943153E+00
+2.7000E-03,+1.3792400E+00
+2.8000E-03,+1.3691897E+00
+2.9000E-03,+1.3993405E+00
+3.0000E-03,+1.4395415E+00
+3.1000E-03,+1.5400440E+00
+3.2000E-03,+1.6154209E+00
+3.3000E-03,+1.6907977E+00
+3.4000E-03,+1.7410490E+00
+3.5000E-03,+1.7611495E+00
+3.6000E-03,+1.7963254E+00
+3.7000E-03,+1.8013505E+00
+3.8000E-03,+1.8063756E+00
+3.9000E-03,+1.8415515E+00
+4.0000E-03,+1.8365264E+00
+4.1000E-03,+1.8516018E+00
+4.2000E-03,+1.9923053E+00
+4.3000E-03,+2.2234611E+00
+4.4000E-03,+2.4194409E+00
+4.5000E-03,+2.5551193E+00
+4.6000E-03,+2.6857726E+00
+4.7000E-03,+2.7661746E+00
+4.8000E-03,+2.8415515E+00
+4.9000E-03,+2.8867776E+00
+5.0000E-03,+2.9068781E+00
+5.1000E-03,+2.9068781E+00
+5.2000E-03,+2.8666771E+00
+5.3000E-03,+2.6355213E+00
+5.4000E-03,+2.4244661E+00
+5.5000E-03,+2.2234611E+00
+5.6000E-03,+2.0676822E+00
+5.7000E-03,+1.9621545E+00
+5.8000E-03,+1.8867776E+00
+5.9000E-03,+1.8214510E+00
+6.0000E-03,+1.7963254E+00
+6.1000E-03,+1.7410490E+00
+6.2000E-03,+1.7209485E+00
+6.3000E-03,+1.7008480E+00
+6.4000E-03,+1.6807475E+00
+6.5000E-03,+1.6606470E+00
+6.6000E-03,+1.6857726E+00
+6.7000E-03,+1.7209485E+00
+6.8000E-03,+1.7209485E+00
+6.9000E-03,+1.7711997E+00
+7.0000E-03,+1.7812500E+00
+7.1000E-03,+1.7812500E+00
+7.2000E-03,+1.8063756E+00
+7.3000E-03,+1.8315013E+00
+7.4000E-03,+1.8264761E+00
+7.5000E-03,+1.8616520E+00
+7.6000E-03,+1.8365264E+00
+7.7000E-03,+1.8415515E+00
+7.8000E-03,+1.8666771E+00
+7.9000E-03,+2.0224560E+00
+8.0000E-03,+2.2636621E+00
+8.1000E-03,+2.4546168E+00
+8.2000E-03,+2.6405465E+00
+8.3000E-03,+2.7259736E+00
+8.4000E-03,+2.8264761E+00
+8.5000E-03,+2.8867776E+00
+8.6000E-03,+2.9420540E+00
+8.7000E-03,+2.9470791E+00
+8.8000E-03,+2.9822550E+00
+8.9000E-03,+2.8566269E+00
+9.0000E-03,+2.5752198E+00
+9.1000E-03,+2.3038631E+00
+9.2000E-03,+2.0877827E+00
+9.3000E-03,+1.9320038E+00
+9.4000E-03,+1.7862751E+00
+9.5000E-03,+1.6807475E+00
+9.6000E-03,+1.6757224E+00
+9.7000E-03,+1.6003455E+00
+9.8000E-03,+1.5551193E+00
+9.9000E-03,+1.5199435E+00
+10.0000E-03,+1.5199435E+00
+10.1000E-03,+1.4797425E+00
+10.2000E-03,+1.4847676E+00
+10.3000E-03,+1.4596420E+00
+10.4000E-03,+1.4747173E+00
+10.5000E-03,+1.4696922E+00
+10.6000E-03,+1.4596420E+00
+10.7000E-03,+1.4596420E+00
+10.8000E-03,+1.4445666E+00
+10.9000E-03,+1.4495917E+00
+11.0000E-03,+1.4596420E+00
+11.1000E-03,+1.4596420E+00
+11.2000E-03,+1.4646671E+00
+11.3000E-03,+1.4998430E+00
+11.4000E-03,+1.5852701E+00
+11.5000E-03,+1.6606470E+00
+11.6000E-03,+1.7209485E+00
+11.7000E-03,+1.7611495E+00
+11.8000E-03,+1.7812500E+00
+11.9000E-03,+1.8013505E+00
+12.0000E-03,+1.8214510E+00
+12.1000E-03,+1.8415515E+00
+12.2000E-03,+1.8365264E+00
+12.3000E-03,+1.8616520E+00
+12.4000E-03,+1.8616520E+00
+12.5000E-03,+1.9621545E+00
+12.6000E-03,+2.2234611E+00
+12.7000E-03,+2.4646671E+00
+12.8000E-03,+2.6505967E+00
+12.9000E-03,+2.8063756E+00
+13.0000E-03,+2.9119033E+00
+13.1000E-03,+2.9872801E+00
+13.2000E-03,+3.0274811E+00
+13.3000E-03,+3.0777324E+00
+13.4000E-03,+3.1078832E+00
+13.5000E-03,+3.0676821E+00
+13.6000E-03,+2.8616520E+00
+13.7000E-03,+2.5651696E+00
+13.8000E-03,+2.3591394E+00
+13.9000E-03,+2.1832600E+00
+14.0000E-03,+2.0626570E+00
+14.1000E-03,+1.9722048E+00
+14.2000E-03,+1.9018530E+00
+14.3000E-03,+1.8415515E+00
+14.4000E-03,+1.8013505E+00
+14.5000E-03,+1.7711997E+00
+14.6000E-03,+1.7360239E+00
+14.7000E-03,+1.7209485E+00
+14.8000E-03,+1.7008480E+00
+14.9000E-03,+1.7008480E+00
+15.0000E-03,+1.7510992E+00
+15.1000E-03,+1.7611495E+00
+15.2000E-03,+1.7762249E+00
+15.3000E-03,+1.8214510E+00
+15.4000E-03,+1.8415515E+00
+15.5000E-03,+1.8616520E+00
+15.6000E-03,+1.8566269E+00
+15.7000E-03,+1.8616520E+00
+15.8000E-03,+1.8767274E+00
+15.9000E-03,+1.8616520E+00
+16.0000E-03,+1.8666771E+00
+16.1000E-03,+1.8817525E+00
+16.2000E-03,+2.0174309E+00
+16.3000E-03,+2.2435616E+00
+16.4000E-03,+2.4646671E+00
+16.5000E-03,+2.6455716E+00
+16.6000E-03,+2.7611495E+00
+16.7000E-03,+2.8264761E+00
+16.8000E-03,+2.9269786E+00
+16.9000E-03,+2.9571294E+00
+17.0000E-03,+3.0023555E+00
+17.1000E-03,+3.0073806E+00
+17.2000E-03,+2.9671796E+00
+17.3000E-03,+2.6857726E+00
+17.4000E-03,+2.4043656E+00
+17.5000E-03,+2.1832600E+00
+17.6000E-03,+1.9772299E+00
+17.7000E-03,+1.8214510E+00
+17.8000E-03,+1.7108982E+00
+17.9000E-03,+1.6405465E+00
+18.0000E-03,+1.5601445E+00
+18.1000E-03,+1.5299937E+00
+18.2000E-03,+1.4797425E+00
+18.3000E-03,+1.4596420E+00
+18.4000E-03,+1.4395415E+00
+18.5000E-03,+1.4194410E+00
+18.6000E-03,+1.4144158E+00
+18.7000E-03,+1.3993405E+00
+18.8000E-03,+1.3993405E+00
+18.9000E-03,+1.3691897E+00
+19.0000E-03,+1.3641646E+00
+19.1000E-03,+1.3993405E+00
+19.2000E-03,+1.3792400E+00
+19.3000E-03,+1.3792400E+00
+19.4000E-03,+1.3792400E+00
+19.5000E-03,+1.3792400E+00
+19.6000E-03,+1.4144158E+00
+19.7000E-03,+1.4897927E+00
+19.8000E-03,+1.5701947E+00
+19.9000E-03,+1.6606470E+00
+20.0000E-03,+1.7008480E+00
+20.1000E-03,+1.7510992E+00
+20.2000E-03,+1.7812500E+00
+20.3000E-03,+1.8013505E+00
+20.4000E-03,+1.8013505E+00
+20.5000E-03,+1.8415515E+00
+20.6000E-03,+1.8516018E+00
+20.7000E-03,+1.8616520E+00
+20.8000E-03,+1.9068781E+00
+20.9000E-03,+2.0827575E+00
+21.0000E-03,+2.2938128E+00
+21.1000E-03,+2.4646671E+00
+21.2000E-03,+2.6254711E+00
+21.3000E-03,+2.7159234E+00
+21.4000E-03,+2.7862751E+00
+21.5000E-03,+2.8264761E+00
+21.6000E-03,+2.8867776E+00
+21.7000E-03,+2.8968279E+00
+21.8000E-03,+2.9621545E+00
+21.9000E-03,+2.8063756E+00
+22.0000E-03,+2.5802450E+00
+22.1000E-03,+2.3541143E+00
+22.2000E-03,+2.1832600E+00
+22.3000E-03,+2.0626570E+00
+22.4000E-03,+1.9470791E+00
+22.5000E-03,+1.9018530E+00
+22.6000E-03,+1.8214510E+00
+22.7000E-03,+1.8013505E+00
+22.8000E-03,+1.7611495E+00
+22.9000E-03,+1.7309987E+00
+23.0000E-03,+1.7209485E+00
+23.1000E-03,+1.7209485E+00
+23.2000E-03,+1.7008480E+00
+23.3000E-03,+1.6907977E+00
+23.4000E-03,+1.7209485E+00
+23.5000E-03,+1.7812500E+00
+23.6000E-03,+1.7862751E+00
+23.7000E-03,+1.8114008E+00
+23.8000E-03,+1.8365264E+00
+23.9000E-03,+1.8415515E+00
+24.0000E-03,+1.8264761E+00
+24.1000E-03,+1.8516018E+00
+24.2000E-03,+1.8415515E+00
+24.3000E-03,+1.8415515E+00
+24.4000E-03,+1.8616520E+00
+24.5000E-03,+1.9219535E+00
+24.6000E-03,+2.1078832E+00
+24.7000E-03,+2.3440641E+00
+24.8000E-03,+2.5450691E+00
+24.9000E-03,+2.6757224E+00
+25.0000E-03,+2.7862751E+00
+25.1000E-03,+2.8465766E+00
+25.2000E-03,+2.9018530E+00
+25.3000E-03,+2.9370289E+00
+25.4000E-03,+2.9521043E+00
+25.5000E-03,+2.9470791E+00
+25.6000E-03,+2.7309987E+00
+25.7000E-03,+2.4546168E+00
+25.8000E-03,+2.1983354E+00
+25.9000E-03,+1.9822550E+00
+26.0000E-03,+1.8365264E+00
+26.1000E-03,+1.7410490E+00
+26.2000E-03,+1.6656721E+00
+26.3000E-03,+1.5802450E+00
+26.4000E-03,+1.5400440E+00
+26.5000E-03,+1.5199435E+00
+26.6000E-03,+1.4897927E+00
+26.7000E-03,+1.4797425E+00
+26.8000E-03,+1.4596420E+00
+26.9000E-03,+1.4495917E+00
+27.0000E-03,+1.4395415E+00
+27.1000E-03,+1.4395415E+00
+27.2000E-03,+1.4294912E+00
+27.3000E-03,+1.4294912E+00
+27.4000E-03,+1.4194410E+00
+27.5000E-03,+1.4194410E+00
+27.6000E-03,+1.4395415E+00
+27.7000E-03,+1.4395415E+00
+27.8000E-03,+1.4395415E+00
+27.9000E-03,+1.4395415E+00
+28.0000E-03,+1.5048681E+00
+28.1000E-03,+1.6003455E+00
+28.2000E-03,+1.6757224E+00
+28.3000E-03,+1.7209485E+00
+28.4000E-03,+1.7460741E+00
+28.5000E-03,+1.7913003E+00
+28.6000E-03,+1.8063756E+00
+28.7000E-03,+1.8214510E+00
+28.8000E-03,+1.8365264E+00
+28.9000E-03,+1.8516018E+00
+29.0000E-03,+1.8767274E+00
+29.1000E-03,+1.8817525E+00
+29.2000E-03,+2.0425565E+00
+29.3000E-03,+2.3239636E+00
+29.4000E-03,+2.5450691E+00
+29.5000E-03,+2.7058731E+00
+29.6000E-03,+2.8465766E+00
+29.7000E-03,+2.9571294E+00
+29.8000E-03,+3.0375314E+00
+29.9000E-03,+3.0676821E+00
+30.0000E-03,+3.0928078E+00
+30.1000E-03,+3.1279837E+00
+30.2000E-03,+3.0325063E+00
+30.3000E-03,+2.7862751E+00
+30.4000E-03,+2.5199435E+00
+30.5000E-03,+2.3340138E+00
+30.6000E-03,+2.1681847E+00
+30.7000E-03,+2.0425565E+00
+30.8000E-03,+1.9571294E+00
+30.9000E-03,+1.8918028E+00
+31.0000E-03,+1.8415515E+00
+31.1000E-03,+1.8013505E+00
+31.2000E-03,+1.7611495E+00
+31.3000E-03,+1.7510992E+00
+31.4000E-03,+1.7410490E+00
+31.5000E-03,+1.7209485E+00
+31.6000E-03,+1.7259736E+00
+31.7000E-03,+1.7410490E+00
+31.8000E-03,+1.8164259E+00
+31.9000E-03,+1.8214510E+00
+32.0000E-03,+1.8566269E+00
+32.1000E-03,+1.8616520E+00
+32.2000E-03,+1.8817525E+00
+32.3000E-03,+1.8616520E+00
+32.4000E-03,+1.8968279E+00
+32.5000E-03,+1.8817525E+00
+32.6000E-03,+1.9169284E+00
+32.7000E-03,+1.9219535E+00
+32.8000E-03,+1.9370289E+00
+32.9000E-03,+2.1129083E+00
+33.0000E-03,+2.3239636E+00
+33.1000E-03,+2.5450691E+00
+33.2000E-03,+2.6907977E+00
+33.3000E-03,+2.8063756E+00
+33.4000E-03,+2.8918028E+00
+33.5000E-03,+2.9470791E+00
+33.6000E-03,+3.0073806E+00
+33.7000E-03,+3.0274811E+00
+33.8000E-03,+3.0425565E+00
+33.9000E-03,+2.9068781E+00
+34.0000E-03,+2.6053706E+00
+34.1000E-03,+2.3239636E+00
+34.2000E-03,+2.1028580E+00
+34.3000E-03,+1.9018530E+00
+34.4000E-03,+1.7812500E+00
+34.5000E-03,+1.6907977E+00
+34.6000E-03,+1.6053706E+00
+34.7000E-03,+1.5199435E+00
+34.8000E-03,+1.4998430E+00
+34.9000E-03,+1.4797425E+00
+35.0000E-03,+1.4395415E+00
+35.1000E-03,+1.4194410E+00
+35.2000E-03,+1.4194410E+00
+35.3000E-03,+1.4194410E+00
+35.4000E-03,+1.3641646E+00
+35.5000E-03,+1.3792400E+00
+35.6000E-03,+1.3641646E+00
+35.7000E-03,+1.3691897E+00
+35.8000E-03,+1.3641646E+00
+35.9000E-03,+1.3591395E+00
+36.0000E-03,+1.3390389E+00
+36.1000E-03,+1.3490892E+00
+36.2000E-03,+1.3440641E+00
+36.3000E-03,+1.3792400E+00
+36.4000E-03,+1.4797425E+00
+36.5000E-03,+1.5902952E+00
+36.6000E-03,+1.6405465E+00
+36.7000E-03,+1.6807475E+00
+36.8000E-03,+1.7259736E+00
+36.9000E-03,+1.7711997E+00
+37.0000E-03,+1.7963254E+00
+37.1000E-03,+1.7812500E+00
+37.2000E-03,+1.8013505E+00
+37.3000E-03,+1.8114008E+00
+37.4000E-03,+1.8415515E+00
+37.5000E-03,+1.9420540E+00
+37.6000E-03,+2.1330088E+00
+37.7000E-03,+2.3541143E+00
+37.8000E-03,+2.5450691E+00
+37.9000E-03,+2.6455716E+00
+38.0000E-03,+2.7309987E+00
+38.1000E-03,+2.8063756E+00
+38.2000E-03,+2.8666771E+00
+38.3000E-03,+2.9068781E+00
+38.4000E-03,+2.9320038E+00
+38.5000E-03,+2.9068781E+00
+38.6000E-03,+2.7259736E+00
+38.7000E-03,+2.4847676E+00
+38.8000E-03,+2.2737123E+00
+38.9000E-03,+2.1330088E+00
+39.0000E-03,+2.0073807E+00
+39.1000E-03,+1.9219535E+00
+39.2000E-03,+1.8616520E+00
+39.3000E-03,+1.8214510E+00
+39.4000E-03,+1.7762249E+00
+39.5000E-03,+1.7611495E+00
+39.6000E-03,+1.7460741E+00
+39.7000E-03,+1.7209485E+00
+39.8000E-03,+1.7008480E+00
+39.9000E-03,+1.6807475E+00
+40.0000E-03,+1.7209485E+00
+40.1000E-03,+1.7410490E+00
+40.2000E-03,+1.7812500E+00
+40.3000E-03,+1.8013505E+00
+40.4000E-03,+1.8214510E+00
+40.5000E-03,+1.8315013E+00
+40.6000E-03,+1.8415515E+00
+40.7000E-03,+1.8616520E+00
+40.8000E-03,+1.8365264E+00
+40.9000E-03,+1.8516018E+00
+41.0000E-03,+1.8465766E+00
+41.1000E-03,+1.8817525E+00
+41.2000E-03,+2.0124058E+00
+41.3000E-03,+2.2134108E+00
+41.4000E-03,+2.4294912E+00
+41.5000E-03,+2.6053706E+00
+41.6000E-03,+2.7410490E+00
+41.7000E-03,+2.8164259E+00
+41.8000E-03,+2.8867776E+00
+41.9000E-03,+2.9470791E+00
+42.0000E-03,+2.9621545E+00
+42.1000E-03,+2.9872801E+00
+42.2000E-03,+2.9269786E+00
+42.3000E-03,+2.6857726E+00
+42.4000E-03,+2.4194409E+00
+42.5000E-03,+2.1531093E+00
+42.6000E-03,+1.9621545E+00
+42.7000E-03,+1.8214510E+00
+42.8000E-03,+1.7259736E+00
+42.9000E-03,+1.6505967E+00
+43.0000E-03,+1.5802450E+00
+43.1000E-03,+1.5601445E+00
+43.2000E-03,+1.5350188E+00
+43.3000E-03,+1.4897927E+00
+43.4000E-03,+1.4646671E+00
+43.5000E-03,+1.4596420E+00
+43.6000E-03,+1.4646671E+00
+43.7000E-03,+1.4596420E+00
+43.8000E-03,+1.4395415E+00
+43.9000E-03,+1.4194410E+00
+44.0000E-03,+1.4495917E+00
+44.1000E-03,+1.4495917E+00
+44.2000E-03,+1.4244661E+00
+44.3000E-03,+1.4395415E+00
+44.4000E-03,+1.4093907E+00
+44.5000E-03,+1.4294912E+00
+44.6000E-03,+1.4445666E+00
+44.7000E-03,+1.4998430E+00
+44.8000E-03,+1.6003455E+00
+44.9000E-03,+1.6706972E+00
+45.0000E-03,+1.7209485E+00
+45.1000E-03,+1.7410490E+00
+45.2000E-03,+1.7913003E+00
+45.3000E-03,+1.8114008E+00
+45.4000E-03,+1.8114008E+00
+45.5000E-03,+1.8415515E+00
+45.6000E-03,+1.8365264E+00
+45.7000E-03,+1.8415515E+00
+45.8000E-03,+1.8968279E+00
+45.9000E-03,+2.1229585E+00
+46.0000E-03,+2.3842651E+00
+46.1000E-03,+2.5852701E+00
+46.2000E-03,+2.7410490E+00
+46.3000E-03,+2.8666771E+00
+46.4000E-03,+2.9470791E+00
+46.5000E-03,+3.0174309E+00
+46.6000E-03,+3.0526068E+00
+46.7000E-03,+3.0877826E+00
+46.8000E-03,+3.1028580E+00
+46.9000E-03,+2.9470791E+00
+47.0000E-03,+2.6656721E+00
+47.1000E-03,+2.4244661E+00
+47.2000E-03,+2.2586369E+00
+47.3000E-03,+2.0928078E+00
+47.4000E-03,+1.9973304E+00
+47.5000E-03,+1.9018530E+00
+47.6000E-03,+1.8616520E+00
+47.7000E-03,+1.8114008E+00
+47.8000E-03,+1.7762249E+00
+47.9000E-03,+1.7611495E+00
+48.0000E-03,+1.7259736E+00
+48.1000E-03,+1.7410490E+00
+48.2000E-03,+1.7058731E+00
+48.3000E-03,+1.7008480E+00
+48.4000E-03,+1.7762249E+00
+48.5000E-03,+1.8013505E+00
+48.6000E-03,+1.8214510E+00
+48.7000E-03,+1.8415515E+00
+48.8000E-03,+1.8566269E+00
+48.9000E-03,+1.8616520E+00
+49.0000E-03,+1.8616520E+00
+49.1000E-03,+1.8616520E+00
+49.2000E-03,+1.8767274E+00
+49.3000E-03,+1.8918028E+00
+49.4000E-03,+1.8968279E+00
+49.5000E-03,+1.9822550E+00
+49.6000E-03,+2.1832600E+00
+49.7000E-03,+2.4043656E+00
+49.8000E-03,+2.6003455E+00
+49.9000E-03,+2.7460741E+00
+50.0000E-03,+2.8666771E+00
+50.1000E-03,+2.9269786E+00
+50.2000E-03,+2.9872801E+00
+50.3000E-03,+3.0073806E+00
+50.4000E-03,+3.0274811E+00
+50.5000E-03,+3.0475816E+00
+50.6000E-03,+2.8315012E+00
+50.7000E-03,+2.5249686E+00
+50.8000E-03,+2.2636621E+00
+50.9000E-03,+2.0526068E+00
+51.0000E-03,+1.9018530E+00
+51.1000E-03,+1.7812500E+00
+51.2000E-03,+1.6757224E+00
+51.3000E-03,+1.6103957E+00
+51.4000E-03,+1.5450691E+00
+51.5000E-03,+1.5400440E+00
+51.6000E-03,+1.4797425E+00
+51.7000E-03,+1.4495917E+00
+51.8000E-03,+1.4445666E+00
+51.9000E-03,+1.4194410E+00
+52.0000E-03,+1.4395415E+00
+52.1000E-03,+1.3993405E+00
+52.2000E-03,+1.3943153E+00
+52.3000E-03,+1.4194410E+00
+52.4000E-03,+1.3691897E+00
+52.5000E-03,+1.3993405E+00
+52.6000E-03,+1.3943153E+00
+52.7000E-03,+1.3792400E+00
+52.8000E-03,+1.3943153E+00
+52.9000E-03,+1.3792400E+00
+53.0000E-03,+1.4395415E+00
+53.1000E-03,+1.5400440E+00
+53.2000E-03,+1.6355214E+00
+53.3000E-03,+1.6807475E+00
+53.4000E-03,+1.7209485E+00
+53.5000E-03,+1.7410490E+00
+53.6000E-03,+1.7611495E+00
+53.7000E-03,+1.7913003E+00
+53.8000E-03,+1.8013505E+00
+53.9000E-03,+1.8013505E+00
+54.0000E-03,+1.8315013E+00
+54.1000E-03,+1.8415515E+00
+54.2000E-03,+1.9822550E+00
+54.3000E-03,+2.2033605E+00
+54.4000E-03,+2.4043656E+00
+54.5000E-03,+2.5350188E+00
+54.6000E-03,+2.6656721E+00
+54.7000E-03,+2.7460741E+00
+54.8000E-03,+2.7913002E+00
+54.9000E-03,+2.8465766E+00
+55.0000E-03,+2.9119033E+00
+55.1000E-03,+2.9068781E+00
+55.2000E-03,+2.8616520E+00
+55.3000E-03,+2.6355213E+00
+55.4000E-03,+2.4043656E+00
+55.5000E-03,+2.2234611E+00
+55.6000E-03,+2.0827575E+00
+55.7000E-03,+1.9722048E+00
+55.8000E-03,+1.8968279E+00
+55.9000E-03,+1.8214510E+00
+56.0000E-03,+1.7762249E+00
+56.1000E-03,+1.7410490E+00
+56.2000E-03,+1.7058731E+00
+56.3000E-03,+1.6606470E+00
+56.4000E-03,+1.6656721E+00
+56.5000E-03,+1.6606470E+00
+56.6000E-03,+1.6807475E+00
+56.7000E-03,+1.7008480E+00
+56.8000E-03,+1.7209485E+00
+56.9000E-03,+1.7611495E+00
+57.0000E-03,+1.7812500E+00
+57.1000E-03,+1.8013505E+00
+57.2000E-03,+1.8063756E+00
+57.3000E-03,+1.8214510E+00
+57.4000E-03,+1.8214510E+00
+57.5000E-03,+1.8415515E+00
+57.6000E-03,+1.8214510E+00
+57.7000E-03,+1.8415515E+00
+57.8000E-03,+1.8717023E+00
+57.9000E-03,+2.0224560E+00
+58.0000E-03,+2.2335113E+00
+58.1000E-03,+2.4747173E+00
+58.2000E-03,+2.6053706E+00
+58.3000E-03,+2.7460741E+00
+58.4000E-03,+2.8114007E+00
+58.5000E-03,+2.8767274E+00
+58.6000E-03,+2.9219535E+00
+58.7000E-03,+2.9470791E+00
+58.8000E-03,+2.9671796E+00
+58.9000E-03,+2.8264761E+00
+59.0000E-03,+2.5852701E+00
+59.1000E-03,+2.3038631E+00
+59.2000E-03,+2.0676822E+00
+59.3000E-03,+1.9219535E+00
+59.4000E-03,+1.7862751E+00
+59.5000E-03,+1.7008480E+00
+59.6000E-03,+1.6355214E+00
+59.7000E-03,+1.5902952E+00
+59.8000E-03,+1.5551193E+00
+59.9000E-03,+1.5199435E+00
+60.0000E-03,+1.5149183E+00
+60.1000E-03,+1.4998430E+00
+60.2000E-03,+1.4948178E+00
+60.3000E-03,+1.4596420E+00
+60.4000E-03,+1.4646671E+00
+60.5000E-03,+1.4897927E+00
+60.6000E-03,+1.4546168E+00
+60.7000E-03,+1.4395415E+00
+60.8000E-03,+1.4546168E+00
+60.9000E-03,+1.4495917E+00
+61.0000E-03,+1.4646671E+00
+61.1000E-03,+1.4797425E+00
+61.2000E-03,+1.4546168E+00
+61.3000E-03,+1.4897927E+00
+61.4000E-03,+1.5802450E+00
+61.5000E-03,+1.6606470E+00
+61.6000E-03,+1.7159234E+00
+61.7000E-03,+1.7611495E+00
+61.8000E-03,+1.8013505E+00
+61.9000E-03,+1.8415515E+00
+62.0000E-03,+1.8566269E+00
+62.1000E-03,+1.8516018E+00
+62.2000E-03,+1.8767274E+00
+62.3000E-03,+1.8817525E+00
+62.4000E-03,+1.8817525E+00
+62.5000E-03,+2.0023555E+00
+62.6000E-03,+2.2234611E+00
+62.7000E-03,+2.4646671E+00
+62.8000E-03,+2.6706972E+00
+62.9000E-03,+2.8164259E+00
+63.0000E-03,+2.9068781E+00
+63.1000E-03,+2.9872801E+00
+63.2000E-03,+3.0526068E+00
+63.3000E-03,+3.0777324E+00
+63.4000E-03,+3.1078832E+00
+63.5000E-03,+3.0877826E+00
+63.6000E-03,+2.8516017E+00
+63.7000E-03,+2.5651696E+00
+63.8000E-03,+2.3691897E+00
+63.9000E-03,+2.1832600E+00
+64.0000E-03,+2.0676822E+00
+64.1000E-03,+1.9822550E+00
+64.2000E-03,+1.9068781E+00
+64.3000E-03,+1.8214510E+00
+64.4000E-03,+1.7812500E+00
+64.5000E-03,+1.7611495E+00
+64.6000E-03,+1.7410490E+00
+64.7000E-03,+1.7410490E+00
+64.8000E-03,+1.6958229E+00
+64.9000E-03,+1.6907977E+00
+65.0000E-03,+1.7159234E+00
+65.1000E-03,+1.7812500E+00
+65.2000E-03,+1.7862751E+00
+65.3000E-03,+1.8214510E+00
+65.4000E-03,+1.8415515E+00
+65.5000E-03,+1.8415515E+00
+65.6000E-03,+1.8717023E+00
+65.7000E-03,+1.8717023E+00
+65.8000E-03,+1.8616520E+00
+65.9000E-03,+1.8817525E+00
+66.0000E-03,+1.8817525E+00
+66.1000E-03,+1.8918028E+00
+66.2000E-03,+2.0325063E+00
+66.3000E-03,+2.2234611E+00
+66.4000E-03,+2.4546168E+00
+66.5000E-03,+2.6455716E+00
+66.6000E-03,+2.7510992E+00
+66.7000E-03,+2.8465766E+00
+66.8000E-03,+2.9119033E+00
+66.9000E-03,+2.9671796E+00
+67.0000E-03,+3.0073806E+00
+67.1000E-03,+3.0274811E+00
+67.2000E-03,+2.9722048E+00
+67.3000E-03,+2.7159234E+00
+67.4000E-03,+2.4144158E+00
+67.5000E-03,+2.1430590E+00
+67.6000E-03,+1.9621545E+00
+67.7000E-03,+1.8415515E+00
+67.8000E-03,+1.7209485E+00
+67.9000E-03,+1.6405465E+00
+68.0000E-03,+1.5752199E+00
+68.1000E-03,+1.5299937E+00
+68.2000E-03,+1.4797425E+00
+68.3000E-03,+1.4596420E+00
+68.4000E-03,+1.4395415E+00
+68.5000E-03,+1.4194410E+00
+68.6000E-03,+1.4144158E+00
+68.7000E-03,+1.3993405E+00
+68.8000E-03,+1.3943153E+00
+68.9000E-03,+1.3892902E+00
+69.0000E-03,+1.4043656E+00
+69.1000E-03,+1.3792400E+00
+69.2000E-03,+1.3943153E+00
+69.3000E-03,+1.3892902E+00
+69.4000E-03,+1.3792400E+00
+69.5000E-03,+1.3792400E+00
+69.6000E-03,+1.3943153E+00
+69.7000E-03,+1.4897927E+00
+69.8000E-03,+1.5752199E+00
+69.9000E-03,+1.6405465E+00
+70.0000E-03,+1.7008480E+00
+70.1000E-03,+1.7510992E+00
+70.2000E-03,+1.7661746E+00
+70.3000E-03,+1.8214510E+00
+70.4000E-03,+1.8013505E+00
+70.5000E-03,+1.8315013E+00
+70.6000E-03,+1.8465766E+00
+70.7000E-03,+1.8415515E+00
+70.8000E-03,+1.9169284E+00
+70.9000E-03,+2.0827575E+00
+71.0000E-03,+2.2837626E+00
+71.1000E-03,+2.4646671E+00
+71.2000E-03,+2.5902952E+00
+71.3000E-03,+2.7058731E+00
+71.4000E-03,+2.7812500E+00
+71.5000E-03,+2.8465766E+00
+71.6000E-03,+2.8666771E+00
+71.7000E-03,+2.9169284E+00
+71.8000E-03,+2.9269786E+00
+71.9000E-03,+2.8063756E+00
+72.0000E-03,+2.5802450E+00
+72.1000E-03,+2.3541143E+00
+72.2000E-03,+2.1832600E+00
+72.3000E-03,+2.0425565E+00
+72.4000E-03,+1.9420540E+00
+72.5000E-03,+1.8817525E+00
+72.6000E-03,+1.8214510E+00
+72.7000E-03,+1.7812500E+00
+72.8000E-03,+1.7611495E+00
+72.9000E-03,+1.7309987E+00
+73.0000E-03,+1.7058731E+00
+73.1000E-03,+1.7008480E+00
+73.2000E-03,+1.6807475E+00
+73.3000E-03,+1.6907977E+00
+73.4000E-03,+1.7259736E+00
+73.5000E-03,+1.7812500E+00
+73.6000E-03,+1.7862751E+00
+73.7000E-03,+1.8114008E+00
+73.8000E-03,+1.8264761E+00
+73.9000E-03,+1.8214510E+00
+74.0000E-03,+1.8214510E+00
+74.1000E-03,+1.8415515E+00
+74.2000E-03,+1.8415515E+00
+74.3000E-03,+1.8415515E+00
+74.4000E-03,+1.8415515E+00
+74.5000E-03,+1.9018530E+00
+74.6000E-03,+2.1028580E+00
+74.7000E-03,+2.3239636E+00
+74.8000E-03,+2.5249686E+00
+74.9000E-03,+2.6556218E+00
+75.0000E-03,+2.7510992E+00
+75.1000E-03,+2.8465766E+00
+75.2000E-03,+2.8867776E+00
+75.3000E-03,+2.9169284E+00
+75.4000E-03,+2.9420540E+00
+75.5000E-03,+2.9470791E+00
+75.6000E-03,+2.7209485E+00
+75.7000E-03,+2.4546168E+00
+75.8000E-03,+2.1882852E+00
+75.9000E-03,+1.9822550E+00
+76.0000E-03,+1.8264761E+00
+76.1000E-03,+1.7309987E+00
+76.2000E-03,+1.6455716E+00
+76.3000E-03,+1.6003455E+00
+76.4000E-03,+1.5249686E+00
+76.5000E-03,+1.4998430E+00
+76.6000E-03,+1.4998430E+00
+76.7000E-03,+1.4596420E+00
+76.8000E-03,+1.4596420E+00
+76.9000E-03,+1.4495917E+00
+77.0000E-03,+1.4445666E+00
+77.1000E-03,+1.4194410E+00
+77.2000E-03,+1.4395415E+00
+77.3000E-03,+1.4194410E+00
+77.4000E-03,+1.4345163E+00
+77.5000E-03,+1.4194410E+00
+77.6000E-03,+1.4395415E+00
+77.7000E-03,+1.4395415E+00
+77.8000E-03,+1.4345163E+00
+77.9000E-03,+1.4395415E+00
+78.0000E-03,+1.4998430E+00
+78.1000E-03,+1.6103957E+00
+78.2000E-03,+1.6455716E+00
+78.3000E-03,+1.7410490E+00
+78.4000E-03,+1.7611495E+00
+78.5000E-03,+1.7913003E+00
+78.6000E-03,+1.8164259E+00
+78.7000E-03,+1.8415515E+00
+78.8000E-03,+1.8465766E+00
+78.9000E-03,+1.8516018E+00
+79.0000E-03,+1.8767274E+00
+79.1000E-03,+1.9219535E+00
+79.2000E-03,+2.0777324E+00
+79.3000E-03,+2.3038631E+00
+79.4000E-03,+2.5350188E+00
+79.5000E-03,+2.7460741E+00
+79.6000E-03,+2.8616520E+00
+79.7000E-03,+2.9571294E+00
+79.8000E-03,+3.0325063E+00
+79.9000E-03,+3.0676821E+00
+80.0000E-03,+3.1078832E+00
+80.1000E-03,+3.1279837E+00
+80.2000E-03,+3.0475816E+00
+80.3000E-03,+2.7862751E+00
+80.4000E-03,+2.5048681E+00
+80.5000E-03,+2.3440641E+00
+80.6000E-03,+2.1882852E+00
+80.7000E-03,+2.0425565E+00
+80.8000E-03,+1.9722048E+00
+80.9000E-03,+1.8918028E+00
+81.0000E-03,+1.8315013E+00
+81.1000E-03,+1.8214510E+00
+81.2000E-03,+1.7963254E+00
+81.3000E-03,+1.7510992E+00
+81.4000E-03,+1.7460741E+00
+81.5000E-03,+1.7209485E+00
+81.6000E-03,+1.7410490E+00
+81.7000E-03,+1.7611495E+00
+81.8000E-03,+1.8164259E+00
+81.9000E-03,+1.8415515E+00
+82.0000E-03,+1.8465766E+00
+82.1000E-03,+1.8717023E+00
+82.2000E-03,+1.8968279E+00
+82.3000E-03,+1.8817525E+00
+82.4000E-03,+1.8867776E+00
+82.5000E-03,+1.9018530E+00
+82.6000E-03,+1.8817525E+00
+82.7000E-03,+1.8817525E+00
+82.8000E-03,+1.9370289E+00
+82.9000E-03,+2.1129083E+00
+83.0000E-03,+2.3440641E+00
+83.1000E-03,+2.5450691E+00
+83.2000E-03,+2.6958229E+00
+83.3000E-03,+2.8365264E+00
+83.4000E-03,+2.9068781E+00
+83.5000E-03,+2.9671796E+00
+83.6000E-03,+3.0073806E+00
+83.7000E-03,+3.0274811E+00
+83.8000E-03,+3.0576319E+00
+83.9000E-03,+2.9269786E+00
+84.0000E-03,+2.6204460E+00
+84.1000E-03,+2.3340138E+00
+84.2000E-03,+2.0877827E+00
+84.3000E-03,+1.9018530E+00
+84.4000E-03,+1.7812500E+00
+84.5000E-03,+1.6907977E+00
+84.6000E-03,+1.6154209E+00
+84.7000E-03,+1.5400440E+00
+84.8000E-03,+1.5149183E+00
+84.9000E-03,+1.4596420E+00
+85.0000E-03,+1.4546168E+00
+85.1000E-03,+1.4395415E+00
+85.2000E-03,+1.3943153E+00
+85.3000E-03,+1.3892902E+00
+85.4000E-03,+1.3742148E+00
+85.5000E-03,+1.3591395E+00
+85.6000E-03,+1.3742148E+00
+85.7000E-03,+1.3691897E+00
+85.8000E-03,+1.3440641E+00
+85.9000E-03,+1.3591395E+00
+86.0000E-03,+1.3591395E+00
+86.1000E-03,+1.3691897E+00
+86.2000E-03,+1.3792400E+00
+86.3000E-03,+1.3993405E+00
+86.4000E-03,+1.4948178E+00
+86.5000E-03,+1.5701947E+00
+86.6000E-03,+1.6556219E+00
+86.7000E-03,+1.6807475E+00
+86.8000E-03,+1.7209485E+00
+86.9000E-03,+1.7510992E+00
+87.0000E-03,+1.7963254E+00
+87.1000E-03,+1.8013505E+00
+87.2000E-03,+1.8013505E+00
+87.3000E-03,+1.8114008E+00
+87.4000E-03,+1.8164259E+00
+87.5000E-03,+1.9420540E+00
+87.6000E-03,+2.1480842E+00
+87.7000E-03,+2.3440641E+00
+87.8000E-03,+2.5048681E+00
+87.9000E-03,+2.6455716E+00
+88.0000E-03,+2.7460741E+00
+88.1000E-03,+2.8063756E+00
+88.2000E-03,+2.8767274E+00
+88.3000E-03,+2.9068781E+00
+88.4000E-03,+2.9420540E+00
+88.5000E-03,+2.9169284E+00
+88.6000E-03,+2.7108982E+00
+88.7000E-03,+2.4847676E+00
+88.8000E-03,+2.2887877E+00
+88.9000E-03,+2.1531093E+00
+89.0000E-03,+2.0325063E+00
+89.1000E-03,+1.9219535E+00
+89.2000E-03,+1.8616520E+00
+89.3000E-03,+1.8114008E+00
+89.4000E-03,+1.7812500E+00
+89.5000E-03,+1.7410490E+00
+89.6000E-03,+1.7410490E+00
+89.7000E-03,+1.7209485E+00
+89.8000E-03,+1.7159234E+00
+89.9000E-03,+1.7008480E+00
+90.0000E-03,+1.7159234E+00
+90.1000E-03,+1.7510992E+00
+90.2000E-03,+1.7762249E+00
+90.3000E-03,+1.8013505E+00
+90.4000E-03,+1.8013505E+00
+90.5000E-03,+1.8415515E+00
+90.6000E-03,+1.8415515E+00
+90.7000E-03,+1.8415515E+00
+90.8000E-03,+1.8415515E+00
+90.9000E-03,+1.8516018E+00
+91.0000E-03,+1.8465766E+00
+91.1000E-03,+1.8616520E+00
+91.2000E-03,+1.9872801E+00
+91.3000E-03,+2.2033605E+00
+91.4000E-03,+2.4395415E+00
+91.5000E-03,+2.6053706E+00
+91.6000E-03,+2.7259736E+00
+91.7000E-03,+2.8164259E+00
+91.8000E-03,+2.8968279E+00
+91.9000E-03,+2.9269786E+00
+92.0000E-03,+2.9470791E+00
+92.1000E-03,+2.9772299E+00
+92.2000E-03,+2.9420540E+00
+92.3000E-03,+2.6857726E+00
+92.4000E-03,+2.3892902E+00
+92.5000E-03,+2.1430590E+00
+92.6000E-03,+1.9470791E+00
+92.7000E-03,+1.8214510E+00
+92.8000E-03,+1.7058731E+00
+92.9000E-03,+1.6405465E+00
+93.0000E-03,+1.5802450E+00
+93.1000E-03,+1.5199435E+00
+93.2000E-03,+1.5299937E+00
+93.3000E-03,+1.4998430E+00
+93.4000E-03,+1.4797425E+00
+93.5000E-03,+1.4797425E+00
+93.6000E-03,+1.4797425E+00
+93.7000E-03,+1.4596420E+00
+93.8000E-03,+1.4395415E+00
+93.9000E-03,+1.4596420E+00
+94.0000E-03,+1.4244661E+00
+94.1000E-03,+1.4194410E+00
+94.2000E-03,+1.4546168E+00
+94.3000E-03,+1.4395415E+00
+94.4000E-03,+1.4244661E+00
+94.5000E-03,+1.4294912E+00
+94.6000E-03,+1.4395415E+00
+94.7000E-03,+1.5199435E+00
+94.8000E-03,+1.6003455E+00
+94.9000E-03,+1.6706972E+00
+95.0000E-03,+1.7410490E+00
+95.1000E-03,+1.7611495E+00
+95.2000E-03,+1.7812500E+00
+95.3000E-03,+1.8013505E+00
+95.4000E-03,+1.8063756E+00
+95.5000E-03,+1.8214510E+00
+95.6000E-03,+1.8616520E+00
+95.7000E-03,+1.8415515E+00
+95.8000E-03,+1.9018530E+00
+95.9000E-03,+2.1229585E+00
+96.0000E-03,+2.3691897E+00
+96.1000E-03,+2.6053706E+00
+96.2000E-03,+2.7510992E+00
+96.3000E-03,+2.8867776E+00
+96.4000E-03,+2.9671796E+00
+96.5000E-03,+3.0274811E+00
+96.6000E-03,+3.0676821E+00
+96.7000E-03,+3.0676821E+00
+96.8000E-03,+3.1078832E+00
+96.9000E-03,+2.9470791E+00
+97.0000E-03,+2.6857726E+00
+97.1000E-03,+2.4043656E+00
+97.2000E-03,+2.2636621E+00
+97.3000E-03,+2.1028580E+00
